"Rank","Gene_Symbol","Gene_Name","Gene_Type","Relevance_Score","Knowledge_Score","Species","TaxID","Source_Database","Disease","MeSH_ID","Query_Term","Query_Mode","Query_Scope","GeneCards_Version","Analysis_Set","Selection_Criterion","PPI_Eligible","Evidence_Interpretation","HGNC_Mapping_Status","UniProt_Accession","Source_URL"
"1","PLAU","Plasminogen Activator, Urokinase","Protein Coding","21.936646","99","Homo sapiens","9606","GeneCards","Acute ischemic stroke","D000083242","""acute ischemic stroke""","Exact phrase","All indexed GeneCards fields","6.1 Build 2026-07-07","Main_ge3_protein_coding","Raw Relevance Score >=3; Gene Type = Protein Coding","TRUE","Query-dependent text relevance; not probability, confidence, or causal evidence","Pending_global_ID_normalization","","https://www.genecards.org/search/results?q=%22acute+ischemic+stroke%22"
"2","CRP","C-Reactive Protein","Protein Coding","21.152647","87","Homo sapiens","9606","GeneCards","Acute ischemic stroke","D000083242","""acute ischemic stroke""","Exact phrase","All indexed GeneCards fields","6.1 Build 2026-07-07","Main_ge3_protein_coding","Raw Relevance Score >=3; Gene Type = Protein Coding","TRUE","Query-dependent text relevance; not probability, confidence, or causal evidence","Pending_global_ID_normalization","","https://www.genecards.org/search/results?q=%22acute+ischemic+stroke%22"
"3","MMP9","Matrix Metallopeptidase 9","Protein Coding","17.409672","100","Homo sapiens","9606","GeneCards","Acute ischemic stroke","D000083242","""acute ischemic stroke""","Exact phrase","All indexed GeneCards fields","6.1 Build 2026-07-07","Main_ge3_protein_coding","Raw Relevance Score >=3; Gene Type = Protein Coding","TRUE","Query-dependent text relevance; not probability, confidence, or causal evidence","Pending_global_ID_normalization","","https://www.genecards.org/search/results?q=%22acute+ischemic+stroke%22"
"4","PLAT","Plasminogen Activator, Tissue Type","Protein Coding","14.745126","92","Homo sapiens","9606","GeneCards","Acute ischemic stroke","D000083242","""acute ischemic stroke""","Exact phrase","All indexed GeneCards fields","6.1 Build 2026-07-07","Main_ge3_protein_coding","Raw Relevance Score >=3; Gene Type = Protein Coding","TRUE","Query-dependent text relevance; not probability, confidence, or causal evidence","Pending_global_ID_normalization","","https://www.genecards.org/search/results?q=%22acute+ischemic+stroke%22"
"5","NFKB1","Nuclear Factor Kappa B Subunit 1","Protein Coding","10.322936","100","Homo sapiens","9606","GeneCards","Acute ischemic stroke","D000083242","""acute ischemic stroke""","Exact phrase","All indexed GeneCards fields","6.1 Build 2026-07-07","Main_ge3_protein_coding","Raw Relevance Score >=3; Gene Type = Protein Coding","TRUE","Query-dependent text relevance; not probability, confidence, or causal evidence","Pending_global_ID_normalization","","https://www.genecards.org/search/results?q=%22acute+ischemic+stroke%22"
"6","ALB","Albumin","Protein Coding","10.213423","100","Homo sapiens","9606","GeneCards","Acute ischemic stroke","D000083242","""acute ischemic stroke""","Exact phrase","All indexed GeneCards fields","6.1 Build 2026-07-07","Main_ge3_protein_coding","Raw Relevance Score >=3; Gene Type = Protein Coding","TRUE","Query-dependent text relevance; not probability, confidence, or causal evidence","Pending_global_ID_normalization","","https://www.genecards.org/search/results?q=%22acute+ischemic+stroke%22"
"7","BDNF","Brain Derived Neurotrophic Factor","Protein Coding","8.27195","100","Homo sapiens","9606","GeneCards","Acute ischemic stroke","D000083242","""acute ischemic stroke""","Exact phrase","All indexed GeneCards fields","6.1 Build 2026-07-07","Main_ge3_protein_coding","Raw Relevance Score >=3; Gene Type = Protein Coding","TRUE","Query-dependent text relevance; not probability, confidence, or causal evidence","Pending_global_ID_normalization","","https://www.genecards.org/search/results?q=%22acute+ischemic+stroke%22"
"8","ENO1","Enolase 1","Protein Coding","7.8742743","92","Homo sapiens","9606","GeneCards","Acute ischemic stroke","D000083242","""acute ischemic stroke""","Exact phrase","All indexed GeneCards fields","6.1 Build 2026-07-07","Main_ge3_protein_coding","Raw Relevance Score >=3; Gene Type = Protein Coding","TRUE","Query-dependent text relevance; not probability, confidence, or causal evidence","Pending_global_ID_normalization","","https://www.genecards.org/search/results?q=%22acute+ischemic+stroke%22"
"9","IL6","Interleukin 6","Protein Coding","7.739003","93","Homo sapiens","9606","GeneCards","Acute ischemic stroke","D000083242","""acute ischemic stroke""","Exact phrase","All indexed GeneCards fields","6.1 Build 2026-07-07","Main_ge3_protein_coding","Raw Relevance Score >=3; Gene Type = Protein Coding","TRUE","Query-dependent text relevance; not probability, confidence, or causal evidence","Pending_global_ID_normalization","","https://www.genecards.org/search/results?q=%22acute+ischemic+stroke%22"
"11","ADAMTS13","ADAM Metallopeptidase With Thrombospondin Type 1 Motif 13","Protein Coding","7.103341","97","Homo sapiens","9606","GeneCards","Acute ischemic stroke","D000083242","""acute ischemic stroke""","Exact phrase","All indexed GeneCards fields","6.1 Build 2026-07-07","Main_ge3_protein_coding","Raw Relevance Score >=3; Gene Type = Protein Coding","TRUE","Query-dependent text relevance; not probability, confidence, or causal evidence","Pending_global_ID_normalization","","https://www.genecards.org/search/results?q=%22acute+ischemic+stroke%22"
"13","S100B","S100 Calcium Binding Protein B","Protein Coding","6.4530697","88","Homo sapiens","9606","GeneCards","Acute ischemic stroke","D000083242","""acute ischemic stroke""","Exact phrase","All indexed GeneCards fields","6.1 Build 2026-07-07","Main_ge3_protein_coding","Raw Relevance Score >=3; Gene Type = Protein Coding","TRUE","Query-dependent text relevance; not probability, confidence, or causal evidence","Pending_global_ID_normalization","","https://www.genecards.org/search/results?q=%22acute+ischemic+stroke%22"
"15","AVP","Arginine Vasopressin","Protein Coding","6.224776","89","Homo sapiens","9606","GeneCards","Acute ischemic stroke","D000083242","""acute ischemic stroke""","Exact phrase","All indexed GeneCards fields","6.1 Build 2026-07-07","Main_ge3_protein_coding","Raw Relevance Score >=3; Gene Type = Protein Coding","TRUE","Query-dependent text relevance; not probability, confidence, or causal evidence","Pending_global_ID_normalization","","https://www.genecards.org/search/results?q=%22acute+ischemic+stroke%22"
"17","NPPB","Natriuretic Peptide B","Protein Coding","6.214533","74","Homo sapiens","9606","GeneCards","Acute ischemic stroke","D000083242","""acute ischemic stroke""","Exact phrase","All indexed GeneCards fields","6.1 Build 2026-07-07","Main_ge3_protein_coding","Raw Relevance Score >=3; Gene Type = Protein Coding","TRUE","Query-dependent text relevance; not probability, confidence, or causal evidence","Pending_global_ID_normalization","","https://www.genecards.org/search/results?q=%22acute+ischemic+stroke%22"
"18","CST3","Cystatin C","Protein Coding","6.0733933","79","Homo sapiens","9606","GeneCards","Acute ischemic stroke","D000083242","""acute ischemic stroke""","Exact phrase","All indexed GeneCards fields","6.1 Build 2026-07-07","Main_ge3_protein_coding","Raw Relevance Score >=3; Gene Type = Protein Coding","TRUE","Query-dependent text relevance; not probability, confidence, or causal evidence","Pending_global_ID_normalization","","https://www.genecards.org/search/results?q=%22acute+ischemic+stroke%22"
"19","VEGFA","Vascular Endothelial Growth Factor A","Protein Coding","5.9507003","97","Homo sapiens","9606","GeneCards","Acute ischemic stroke","D000083242","""acute ischemic stroke""","Exact phrase","All indexed GeneCards fields","6.1 Build 2026-07-07","Main_ge3_protein_coding","Raw Relevance Score >=3; Gene Type = Protein Coding","TRUE","Query-dependent text relevance; not probability, confidence, or causal evidence","Pending_global_ID_normalization","","https://www.genecards.org/search/results?q=%22acute+ischemic+stroke%22"
"21","MMP2","Matrix Metallopeptidase 2","Protein Coding","5.749848","100","Homo sapiens","9606","GeneCards","Acute ischemic stroke","D000083242","""acute ischemic stroke""","Exact phrase","All indexed GeneCards fields","6.1 Build 2026-07-07","Main_ge3_protein_coding","Raw Relevance Score >=3; Gene Type = Protein Coding","TRUE","Query-dependent text relevance; not probability, confidence, or causal evidence","Pending_global_ID_normalization","","https://www.genecards.org/search/results?q=%22acute+ischemic+stroke%22"
"23","CYP2C19","Cytochrome P450 Family 2 Subfamily C Member 19","Protein Coding","5.4051743","92","Homo sapiens","9606","GeneCards","Acute ischemic stroke","D000083242","""acute ischemic stroke""","Exact phrase","All indexed GeneCards fields","6.1 Build 2026-07-07","Main_ge3_protein_coding","Raw Relevance Score >=3; Gene Type = Protein Coding","TRUE","Query-dependent text relevance; not probability, confidence, or causal evidence","Pending_global_ID_normalization","","https://www.genecards.org/search/results?q=%22acute+ischemic+stroke%22"
"24","TJP1","Tight Junction Protein 1","Protein Coding","5.373794","96","Homo sapiens","9606","GeneCards","Acute ischemic stroke","D000083242","""acute ischemic stroke""","Exact phrase","All indexed GeneCards fields","6.1 Build 2026-07-07","Main_ge3_protein_coding","Raw Relevance Score >=3; Gene Type = Protein Coding","TRUE","Query-dependent text relevance; not probability, confidence, or causal evidence","Pending_global_ID_normalization","","https://www.genecards.org/search/results?q=%22acute+ischemic+stroke%22"
"26","JAK2","Janus Kinase 2","Protein Coding","5.2918544","100","Homo sapiens","9606","GeneCards","Acute ischemic stroke","D000083242","""acute ischemic stroke""","Exact phrase","All indexed GeneCards fields","6.1 Build 2026-07-07","Main_ge3_protein_coding","Raw Relevance Score >=3; Gene Type = Protein Coding","TRUE","Query-dependent text relevance; not probability, confidence, or causal evidence","Pending_global_ID_normalization","","https://www.genecards.org/search/results?q=%22acute+ischemic+stroke%22"
"27","SERPINE1","Serpin Family E Member 1","Protein Coding","5.2394767","99","Homo sapiens","9606","GeneCards","Acute ischemic stroke","D000083242","""acute ischemic stroke""","Exact phrase","All indexed GeneCards fields","6.1 Build 2026-07-07","Main_ge3_protein_coding","Raw Relevance Score >=3; Gene Type = Protein Coding","TRUE","Query-dependent text relevance; not probability, confidence, or causal evidence","Pending_global_ID_normalization","","https://www.genecards.org/search/results?q=%22acute+ischemic+stroke%22"
"30","APOA1","Apolipoprotein A1","Protein Coding","5.007799","100","Homo sapiens","9606","GeneCards","Acute ischemic stroke","D000083242","""acute ischemic stroke""","Exact phrase","All indexed GeneCards fields","6.1 Build 2026-07-07","Main_ge3_protein_coding","Raw Relevance Score >=3; Gene Type = Protein Coding","TRUE","Query-dependent text relevance; not probability, confidence, or causal evidence","Pending_global_ID_normalization","","https://www.genecards.org/search/results?q=%22acute+ischemic+stroke%22"
"31","TLR4","Toll Like Receptor 4","Protein Coding","5.007799","96","Homo sapiens","9606","GeneCards","Acute ischemic stroke","D000083242","""acute ischemic stroke""","Exact phrase","All indexed GeneCards fields","6.1 Build 2026-07-07","Main_ge3_protein_coding","Raw Relevance Score >=3; Gene Type = Protein Coding","TRUE","Query-dependent text relevance; not probability, confidence, or causal evidence","Pending_global_ID_normalization","","https://www.genecards.org/search/results?q=%22acute+ischemic+stroke%22"
"32","PTGS2","Prostaglandin-Endoperoxide Synthase 2","Protein Coding","4.9633937","91","Homo sapiens","9606","GeneCards","Acute ischemic stroke","D000083242","""acute ischemic stroke""","Exact phrase","All indexed GeneCards fields","6.1 Build 2026-07-07","Main_ge3_protein_coding","Raw Relevance Score >=3; Gene Type = Protein Coding","TRUE","Query-dependent text relevance; not probability, confidence, or causal evidence","Pending_global_ID_normalization","","https://www.genecards.org/search/results?q=%22acute+ischemic+stroke%22"
"33","PCSK9","Proprotein Convertase Subtilisin/Kexin Type 9","Protein Coding","4.9360347","100","Homo sapiens","9606","GeneCards","Acute ischemic stroke","D000083242","""acute ischemic stroke""","Exact phrase","All indexed GeneCards fields","6.1 Build 2026-07-07","Main_ge3_protein_coding","Raw Relevance Score >=3; Gene Type = Protein Coding","TRUE","Query-dependent text relevance; not probability, confidence, or causal evidence","Pending_global_ID_normalization","","https://www.genecards.org/search/results?q=%22acute+ischemic+stroke%22"
"34","CASP3","Caspase 3","Protein Coding","4.878299","91","Homo sapiens","9606","GeneCards","Acute ischemic stroke","D000083242","""acute ischemic stroke""","Exact phrase","All indexed GeneCards fields","6.1 Build 2026-07-07","Main_ge3_protein_coding","Raw Relevance Score >=3; Gene Type = Protein Coding","TRUE","Query-dependent text relevance; not probability, confidence, or causal evidence","Pending_global_ID_normalization","","https://www.genecards.org/search/results?q=%22acute+ischemic+stroke%22"
"35","NOTCH3","Notch Receptor 3","Protein Coding","4.875478","100","Homo sapiens","9606","GeneCards","Acute ischemic stroke","D000083242","""acute ischemic stroke""","Exact phrase","All indexed GeneCards fields","6.1 Build 2026-07-07","Main_ge3_protein_coding","Raw Relevance Score >=3; Gene Type = Protein Coding","TRUE","Query-dependent text relevance; not probability, confidence, or causal evidence","Pending_global_ID_normalization","","https://www.genecards.org/search/results?q=%22acute+ischemic+stroke%22"
"36","CLDN5","Claudin 5","Protein Coding","4.842616","76","Homo sapiens","9606","GeneCards","Acute ischemic stroke","D000083242","""acute ischemic stroke""","Exact phrase","All indexed GeneCards fields","6.1 Build 2026-07-07","Main_ge3_protein_coding","Raw Relevance Score >=3; Gene Type = Protein Coding","TRUE","Query-dependent text relevance; not probability, confidence, or causal evidence","Pending_global_ID_normalization","","https://www.genecards.org/search/results?q=%22acute+ischemic+stroke%22"
"37","CHI3L1","Chitinase 3 Like 1","Protein Coding","4.7784796","79","Homo sapiens","9606","GeneCards","Acute ischemic stroke","D000083242","""acute ischemic stroke""","Exact phrase","All indexed GeneCards fields","6.1 Build 2026-07-07","Main_ge3_protein_coding","Raw Relevance Score >=3; Gene Type = Protein Coding","TRUE","Query-dependent text relevance; not probability, confidence, or causal evidence","Pending_global_ID_normalization","","https://www.genecards.org/search/results?q=%22acute+ischemic+stroke%22"
"38","LGALS3","Galectin 3","Protein Coding","4.685536","85","Homo sapiens","9606","GeneCards","Acute ischemic stroke","D000083242","""acute ischemic stroke""","Exact phrase","All indexed GeneCards fields","6.1 Build 2026-07-07","Main_ge3_protein_coding","Raw Relevance Score >=3; Gene Type = Protein Coding","TRUE","Query-dependent text relevance; not probability, confidence, or causal evidence","Pending_global_ID_normalization","","https://www.genecards.org/search/results?q=%22acute+ischemic+stroke%22"
"39","AQP4","Aquaporin 4","Protein Coding","4.5588017","78","Homo sapiens","9606","GeneCards","Acute ischemic stroke","D000083242","""acute ischemic stroke""","Exact phrase","All indexed GeneCards fields","6.1 Build 2026-07-07","Main_ge3_protein_coding","Raw Relevance Score >=3; Gene Type = Protein Coding","TRUE","Query-dependent text relevance; not probability, confidence, or causal evidence","Pending_global_ID_normalization","","https://www.genecards.org/search/results?q=%22acute+ischemic+stroke%22"
"40","PLA2G7","Phospholipase A2 Group VII","Protein Coding","4.5516458","82","Homo sapiens","9606","GeneCards","Acute ischemic stroke","D000083242","""acute ischemic stroke""","Exact phrase","All indexed GeneCards fields","6.1 Build 2026-07-07","Main_ge3_protein_coding","Raw Relevance Score >=3; Gene Type = Protein Coding","TRUE","Query-dependent text relevance; not probability, confidence, or causal evidence","Pending_global_ID_normalization","","https://www.genecards.org/search/results?q=%22acute+ischemic+stroke%22"
"41","GFAP","Glial Fibrillary Acidic Protein","Protein Coding","4.521371","100","Homo sapiens","9606","GeneCards","Acute ischemic stroke","D000083242","""acute ischemic stroke""","Exact phrase","All indexed GeneCards fields","6.1 Build 2026-07-07","Main_ge3_protein_coding","Raw Relevance Score >=3; Gene Type = Protein Coding","TRUE","Query-dependent text relevance; not probability, confidence, or causal evidence","Pending_global_ID_normalization","","https://www.genecards.org/search/results?q=%22acute+ischemic+stroke%22"
"42","HIF1A","Hypoxia Inducible Factor 1 Subunit Alpha","Protein Coding","4.486366","96","Homo sapiens","9606","GeneCards","Acute ischemic stroke","D000083242","""acute ischemic stroke""","Exact phrase","All indexed GeneCards fields","6.1 Build 2026-07-07","Main_ge3_protein_coding","Raw Relevance Score >=3; Gene Type = Protein Coding","TRUE","Query-dependent text relevance; not probability, confidence, or causal evidence","Pending_global_ID_normalization","","https://www.genecards.org/search/results?q=%22acute+ischemic+stroke%22"
"43","PON1","Paraoxonase 1","Protein Coding","4.3750615","86","Homo sapiens","9606","GeneCards","Acute ischemic stroke","D000083242","""acute ischemic stroke""","Exact phrase","All indexed GeneCards fields","6.1 Build 2026-07-07","Main_ge3_protein_coding","Raw Relevance Score >=3; Gene Type = Protein Coding","TRUE","Query-dependent text relevance; not probability, confidence, or causal evidence","Pending_global_ID_normalization","","https://www.genecards.org/search/results?q=%22acute+ischemic+stroke%22"
"45","IL1B","Interleukin 1 Beta","Protein Coding","4.318134","91","Homo sapiens","9606","GeneCards","Acute ischemic stroke","D000083242","""acute ischemic stroke""","Exact phrase","All indexed GeneCards fields","6.1 Build 2026-07-07","Main_ge3_protein_coding","Raw Relevance Score >=3; Gene Type = Protein Coding","TRUE","Query-dependent text relevance; not probability, confidence, or causal evidence","Pending_global_ID_normalization","","https://www.genecards.org/search/results?q=%22acute+ischemic+stroke%22"
"46","HMGB1","High Mobility Group Box 1","Protein Coding","4.3031163","94","Homo sapiens","9606","GeneCards","Acute ischemic stroke","D000083242","""acute ischemic stroke""","Exact phrase","All indexed GeneCards fields","6.1 Build 2026-07-07","Main_ge3_protein_coding","Raw Relevance Score >=3; Gene Type = Protein Coding","TRUE","Query-dependent text relevance; not probability, confidence, or causal evidence","Pending_global_ID_normalization","","https://www.genecards.org/search/results?q=%22acute+ischemic+stroke%22"
"47","ITIH4","Inter-Alpha-Trypsin Inhibitor Heavy Chain 4","Protein Coding","4.2957315","82","Homo sapiens","9606","GeneCards","Acute ischemic stroke","D000083242","""acute ischemic stroke""","Exact phrase","All indexed GeneCards fields","6.1 Build 2026-07-07","Main_ge3_protein_coding","Raw Relevance Score >=3; Gene Type = Protein Coding","TRUE","Query-dependent text relevance; not probability, confidence, or causal evidence","Pending_global_ID_normalization","","https://www.genecards.org/search/results?q=%22acute+ischemic+stroke%22"
"49","APOE","Apolipoprotein E","Protein Coding","4.251947","100","Homo sapiens","9606","GeneCards","Acute ischemic stroke","D000083242","""acute ischemic stroke""","Exact phrase","All indexed GeneCards fields","6.1 Build 2026-07-07","Main_ge3_protein_coding","Raw Relevance Score >=3; Gene Type = Protein Coding","TRUE","Query-dependent text relevance; not probability, confidence, or causal evidence","Pending_global_ID_normalization","","https://www.genecards.org/search/results?q=%22acute+ischemic+stroke%22"
"50","TNNT2","Troponin T2, Cardiac Type","Protein Coding","4.251947","91","Homo sapiens","9606","GeneCards","Acute ischemic stroke","D000083242","""acute ischemic stroke""","Exact phrase","All indexed GeneCards fields","6.1 Build 2026-07-07","Main_ge3_protein_coding","Raw Relevance Score >=3; Gene Type = Protein Coding","TRUE","Query-dependent text relevance; not probability, confidence, or causal evidence","Pending_global_ID_normalization","","https://www.genecards.org/search/results?q=%22acute+ischemic+stroke%22"
"51","NOS3","Nitric Oxide Synthase 3","Protein Coding","4.209799","100","Homo sapiens","9606","GeneCards","Acute ischemic stroke","D000083242","""acute ischemic stroke""","Exact phrase","All indexed GeneCards fields","6.1 Build 2026-07-07","Main_ge3_protein_coding","Raw Relevance Score >=3; Gene Type = Protein Coding","TRUE","Query-dependent text relevance; not probability, confidence, or causal evidence","Pending_global_ID_normalization","","https://www.genecards.org/search/results?q=%22acute+ischemic+stroke%22"
"52","ICAM1","Intercellular Adhesion Molecule 1","Protein Coding","4.2075415","95","Homo sapiens","9606","GeneCards","Acute ischemic stroke","D000083242","""acute ischemic stroke""","Exact phrase","All indexed GeneCards fields","6.1 Build 2026-07-07","Main_ge3_protein_coding","Raw Relevance Score >=3; Gene Type = Protein Coding","TRUE","Query-dependent text relevance; not probability, confidence, or causal evidence","Pending_global_ID_normalization","","https://www.genecards.org/search/results?q=%22acute+ischemic+stroke%22"
"53","VWF","Von Willebrand Factor","Protein Coding","4.2005696","100","Homo sapiens","9606","GeneCards","Acute ischemic stroke","D000083242","""acute ischemic stroke""","Exact phrase","All indexed GeneCards fields","6.1 Build 2026-07-07","Main_ge3_protein_coding","Raw Relevance Score >=3; Gene Type = Protein Coding","TRUE","Query-dependent text relevance; not probability, confidence, or causal evidence","Pending_global_ID_normalization","","https://www.genecards.org/search/results?q=%22acute+ischemic+stroke%22"
"54","MTHFR","Methylenetetrahydrofolate Reductase","Protein Coding","4.170785","100","Homo sapiens","9606","GeneCards","Acute ischemic stroke","D000083242","""acute ischemic stroke""","Exact phrase","All indexed GeneCards fields","6.1 Build 2026-07-07","Main_ge3_protein_coding","Raw Relevance Score >=3; Gene Type = Protein Coding","TRUE","Query-dependent text relevance; not probability, confidence, or causal evidence","Pending_global_ID_normalization","","https://www.genecards.org/search/results?q=%22acute+ischemic+stroke%22"
"56","NGFR","Nerve Growth Factor Receptor","Protein Coding","4.0905466","88","Homo sapiens","9606","GeneCards","Acute ischemic stroke","D000083242","""acute ischemic stroke""","Exact phrase","All indexed GeneCards fields","6.1 Build 2026-07-07","Main_ge3_protein_coding","Raw Relevance Score >=3; Gene Type = Protein Coding","TRUE","Query-dependent text relevance; not probability, confidence, or causal evidence","Pending_global_ID_normalization","","https://www.genecards.org/search/results?q=%22acute+ischemic+stroke%22"
"57","PANX1","Pannexin 1","Protein Coding","4.0603924","84","Homo sapiens","9606","GeneCards","Acute ischemic stroke","D000083242","""acute ischemic stroke""","Exact phrase","All indexed GeneCards fields","6.1 Build 2026-07-07","Main_ge3_protein_coding","Raw Relevance Score >=3; Gene Type = Protein Coding","TRUE","Query-dependent text relevance; not probability, confidence, or causal evidence","Pending_global_ID_normalization","","https://www.genecards.org/search/results?q=%22acute+ischemic+stroke%22"
"58","FABP4","Fatty Acid Binding Protein 4","Protein Coding","4.0559306","83","Homo sapiens","9606","GeneCards","Acute ischemic stroke","D000083242","""acute ischemic stroke""","Exact phrase","All indexed GeneCards fields","6.1 Build 2026-07-07","Main_ge3_protein_coding","Raw Relevance Score >=3; Gene Type = Protein Coding","TRUE","Query-dependent text relevance; not probability, confidence, or causal evidence","Pending_global_ID_normalization","","https://www.genecards.org/search/results?q=%22acute+ischemic+stroke%22"
"59","MPO","Myeloperoxidase","Protein Coding","3.9671128","93","Homo sapiens","9606","GeneCards","Acute ischemic stroke","D000083242","""acute ischemic stroke""","Exact phrase","All indexed GeneCards fields","6.1 Build 2026-07-07","Main_ge3_protein_coding","Raw Relevance Score >=3; Gene Type = Protein Coding","TRUE","Query-dependent text relevance; not probability, confidence, or causal evidence","Pending_global_ID_normalization","","https://www.genecards.org/search/results?q=%22acute+ischemic+stroke%22"
"60","CCL2","C-C Motif Chemokine Ligand 2","Protein Coding","3.881479","87","Homo sapiens","9606","GeneCards","Acute ischemic stroke","D000083242","""acute ischemic stroke""","Exact phrase","All indexed GeneCards fields","6.1 Build 2026-07-07","Main_ge3_protein_coding","Raw Relevance Score >=3; Gene Type = Protein Coding","TRUE","Query-dependent text relevance; not probability, confidence, or causal evidence","Pending_global_ID_normalization","","https://www.genecards.org/search/results?q=%22acute+ischemic+stroke%22"
"62","CAV1","Caveolin 1","Protein Coding","3.7809563","97","Homo sapiens","9606","GeneCards","Acute ischemic stroke","D000083242","""acute ischemic stroke""","Exact phrase","All indexed GeneCards fields","6.1 Build 2026-07-07","Main_ge3_protein_coding","Raw Relevance Score >=3; Gene Type = Protein Coding","TRUE","Query-dependent text relevance; not probability, confidence, or causal evidence","Pending_global_ID_normalization","","https://www.genecards.org/search/results?q=%22acute+ischemic+stroke%22"
"63","IL1RL1","Interleukin 1 Receptor Like 1","Protein Coding","3.7259526","87","Homo sapiens","9606","GeneCards","Acute ischemic stroke","D000083242","""acute ischemic stroke""","Exact phrase","All indexed GeneCards fields","6.1 Build 2026-07-07","Main_ge3_protein_coding","Raw Relevance Score >=3; Gene Type = Protein Coding","TRUE","Query-dependent text relevance; not probability, confidence, or causal evidence","Pending_global_ID_normalization","","https://www.genecards.org/search/results?q=%22acute+ischemic+stroke%22"
"65","NAMPT","Nicotinamide Phosphoribosyltransferase","Protein Coding","3.6847396","88","Homo sapiens","9606","GeneCards","Acute ischemic stroke","D000083242","""acute ischemic stroke""","Exact phrase","All indexed GeneCards fields","6.1 Build 2026-07-07","Main_ge3_protein_coding","Raw Relevance Score >=3; Gene Type = Protein Coding","TRUE","Query-dependent text relevance; not probability, confidence, or causal evidence","Pending_global_ID_normalization","","https://www.genecards.org/search/results?q=%22acute+ischemic+stroke%22"
"66","IL10","Interleukin 10","Protein Coding","3.618697","100","Homo sapiens","9606","GeneCards","Acute ischemic stroke","D000083242","""acute ischemic stroke""","Exact phrase","All indexed GeneCards fields","6.1 Build 2026-07-07","Main_ge3_protein_coding","Raw Relevance Score >=3; Gene Type = Protein Coding","TRUE","Query-dependent text relevance; not probability, confidence, or causal evidence","Pending_global_ID_normalization","","https://www.genecards.org/search/results?q=%22acute+ischemic+stroke%22"
"67","CXCL12","C-X-C Motif Chemokine Ligand 12","Protein Coding","3.618697","92","Homo sapiens","9606","GeneCards","Acute ischemic stroke","D000083242","""acute ischemic stroke""","Exact phrase","All indexed GeneCards fields","6.1 Build 2026-07-07","Main_ge3_protein_coding","Raw Relevance Score >=3; Gene Type = Protein Coding","TRUE","Query-dependent text relevance; not probability, confidence, or causal evidence","Pending_global_ID_normalization","","https://www.genecards.org/search/results?q=%22acute+ischemic+stroke%22"
"68","ADIPOQ","Adiponectin, C1Q And Collagen Domain Containing","Protein Coding","3.618697","85","Homo sapiens","9606","GeneCards","Acute ischemic stroke","D000083242","""acute ischemic stroke""","Exact phrase","All indexed GeneCards fields","6.1 Build 2026-07-07","Main_ge3_protein_coding","Raw Relevance Score >=3; Gene Type = Protein Coding","TRUE","Query-dependent text relevance; not probability, confidence, or causal evidence","Pending_global_ID_normalization","","https://www.genecards.org/search/results?q=%22acute+ischemic+stroke%22"
"69","ACE2","Angiotensin Converting Enzyme 2","Protein Coding","3.5613837","89","Homo sapiens","9606","GeneCards","Acute ischemic stroke","D000083242","""acute ischemic stroke""","Exact phrase","All indexed GeneCards fields","6.1 Build 2026-07-07","Main_ge3_protein_coding","Raw Relevance Score >=3; Gene Type = Protein Coding","TRUE","Query-dependent text relevance; not probability, confidence, or causal evidence","Pending_global_ID_normalization","","https://www.genecards.org/search/results?q=%22acute+ischemic+stroke%22"
"70","GDF15","Growth Differentiation Factor 15","Protein Coding","3.523361","76","Homo sapiens","9606","GeneCards","Acute ischemic stroke","D000083242","""acute ischemic stroke""","Exact phrase","All indexed GeneCards fields","6.1 Build 2026-07-07","Main_ge3_protein_coding","Raw Relevance Score >=3; Gene Type = Protein Coding","TRUE","Query-dependent text relevance; not probability, confidence, or causal evidence","Pending_global_ID_normalization","","https://www.genecards.org/search/results?q=%22acute+ischemic+stroke%22"
"71","MBL2","Mannose Binding Lectin 2","Protein Coding","3.4166965","93","Homo sapiens","9606","GeneCards","Acute ischemic stroke","D000083242","""acute ischemic stroke""","Exact phrase","All indexed GeneCards fields","6.1 Build 2026-07-07","Main_ge3_protein_coding","Raw Relevance Score >=3; Gene Type = Protein Coding","TRUE","Query-dependent text relevance; not probability, confidence, or causal evidence","Pending_global_ID_normalization","","https://www.genecards.org/search/results?q=%22acute+ischemic+stroke%22"
"72","IL33","Interleukin 33","Protein Coding","3.4166965","84","Homo sapiens","9606","GeneCards","Acute ischemic stroke","D000083242","""acute ischemic stroke""","Exact phrase","All indexed GeneCards fields","6.1 Build 2026-07-07","Main_ge3_protein_coding","Raw Relevance Score >=3; Gene Type = Protein Coding","TRUE","Query-dependent text relevance; not probability, confidence, or causal evidence","Pending_global_ID_normalization","","https://www.genecards.org/search/results?q=%22acute+ischemic+stroke%22"
"73","CPB2","Carboxypeptidase B2","Protein Coding","3.3885136","82","Homo sapiens","9606","GeneCards","Acute ischemic stroke","D000083242","""acute ischemic stroke""","Exact phrase","All indexed GeneCards fields","6.1 Build 2026-07-07","Main_ge3_protein_coding","Raw Relevance Score >=3; Gene Type = Protein Coding","TRUE","Query-dependent text relevance; not probability, confidence, or causal evidence","Pending_global_ID_normalization","","https://www.genecards.org/search/results?q=%22acute+ischemic+stroke%22"
"74","RBP4","Retinol Binding Protein 4","Protein Coding","3.357602","95","Homo sapiens","9606","GeneCards","Acute ischemic stroke","D000083242","""acute ischemic stroke""","Exact phrase","All indexed GeneCards fields","6.1 Build 2026-07-07","Main_ge3_protein_coding","Raw Relevance Score >=3; Gene Type = Protein Coding","TRUE","Query-dependent text relevance; not probability, confidence, or causal evidence","Pending_global_ID_normalization","","https://www.genecards.org/search/results?q=%22acute+ischemic+stroke%22"
"76","ACE","Angiotensin I Converting Enzyme","Protein Coding","3.3120809","100","Homo sapiens","9606","GeneCards","Acute ischemic stroke","D000083242","""acute ischemic stroke""","Exact phrase","All indexed GeneCards fields","6.1 Build 2026-07-07","Main_ge3_protein_coding","Raw Relevance Score >=3; Gene Type = Protein Coding","TRUE","Query-dependent text relevance; not probability, confidence, or causal evidence","Pending_global_ID_normalization","","https://www.genecards.org/search/results?q=%22acute+ischemic+stroke%22"
"77","IGF1","Insulin Like Growth Factor 1","Protein Coding","3.3120809","100","Homo sapiens","9606","GeneCards","Acute ischemic stroke","D000083242","""acute ischemic stroke""","Exact phrase","All indexed GeneCards fields","6.1 Build 2026-07-07","Main_ge3_protein_coding","Raw Relevance Score >=3; Gene Type = Protein Coding","TRUE","Query-dependent text relevance; not probability, confidence, or causal evidence","Pending_global_ID_normalization","","https://www.genecards.org/search/results?q=%22acute+ischemic+stroke%22"
"78","TNF","Tumor Necrosis Factor","Protein Coding","3.3012965","91","Homo sapiens","9606","GeneCards","Acute ischemic stroke","D000083242","""acute ischemic stroke""","Exact phrase","All indexed GeneCards fields","6.1 Build 2026-07-07","Main_ge3_protein_coding","Raw Relevance Score >=3; Gene Type = Protein Coding","TRUE","Query-dependent text relevance; not probability, confidence, or causal evidence","Pending_global_ID_normalization","","https://www.genecards.org/search/results?q=%22acute+ischemic+stroke%22"
"79","ENG","Endoglin","Protein Coding","3.2974052","98","Homo sapiens","9606","GeneCards","Acute ischemic stroke","D000083242","""acute ischemic stroke""","Exact phrase","All indexed GeneCards fields","6.1 Build 2026-07-07","Main_ge3_protein_coding","Raw Relevance Score >=3; Gene Type = Protein Coding","TRUE","Query-dependent text relevance; not probability, confidence, or causal evidence","Pending_global_ID_normalization","","https://www.genecards.org/search/results?q=%22acute+ischemic+stroke%22"
"80","KDR","Kinase Insert Domain Receptor","Protein Coding","3.2933404","99","Homo sapiens","9606","GeneCards","Acute ischemic stroke","D000083242","""acute ischemic stroke""","Exact phrase","All indexed GeneCards fields","6.1 Build 2026-07-07","Main_ge3_protein_coding","Raw Relevance Score >=3; Gene Type = Protein Coding","TRUE","Query-dependent text relevance; not probability, confidence, or causal evidence","Pending_global_ID_normalization","","https://www.genecards.org/search/results?q=%22acute+ischemic+stroke%22"
"81","TREM2","Triggering Receptor Expressed On Myeloid Cells 2","Protein Coding","3.2933404","89","Homo sapiens","9606","GeneCards","Acute ischemic stroke","D000083242","""acute ischemic stroke""","Exact phrase","All indexed GeneCards fields","6.1 Build 2026-07-07","Main_ge3_protein_coding","Raw Relevance Score >=3; Gene Type = Protein Coding","TRUE","Query-dependent text relevance; not probability, confidence, or causal evidence","Pending_global_ID_normalization","","https://www.genecards.org/search/results?q=%22acute+ischemic+stroke%22"
"82","HR","HR Lysine Demethylase And Nuclear Receptor Corepressor","Protein Coding","3.2676756","83","Homo sapiens","9606","GeneCards","Acute ischemic stroke","D000083242","""acute ischemic stroke""","Exact phrase","All indexed GeneCards fields","6.1 Build 2026-07-07","Main_ge3_protein_coding","Raw Relevance Score >=3; Gene Type = Protein Coding","TRUE","Query-dependent text relevance; not probability, confidence, or causal evidence","Pending_global_ID_normalization","","https://www.genecards.org/search/results?q=%22acute+ischemic+stroke%22"
"83","OLR1","Oxidized Low Density Lipoprotein Receptor 1","Protein Coding","3.2676756","80","Homo sapiens","9606","GeneCards","Acute ischemic stroke","D000083242","""acute ischemic stroke""","Exact phrase","All indexed GeneCards fields","6.1 Build 2026-07-07","Main_ge3_protein_coding","Raw Relevance Score >=3; Gene Type = Protein Coding","TRUE","Query-dependent text relevance; not probability, confidence, or causal evidence","Pending_global_ID_normalization","","https://www.genecards.org/search/results?q=%22acute+ischemic+stroke%22"
"87","SAA1","Serum Amyloid A1","Protein Coding","3.2212017","79","Homo sapiens","9606","GeneCards","Acute ischemic stroke","D000083242","""acute ischemic stroke""","Exact phrase","All indexed GeneCards fields","6.1 Build 2026-07-07","Main_ge3_protein_coding","Raw Relevance Score >=3; Gene Type = Protein Coding","TRUE","Query-dependent text relevance; not probability, confidence, or causal evidence","Pending_global_ID_normalization","","https://www.genecards.org/search/results?q=%22acute+ischemic+stroke%22"
"88","RETN","Resistin","Protein Coding","3.1723397","69","Homo sapiens","9606","GeneCards","Acute ischemic stroke","D000083242","""acute ischemic stroke""","Exact phrase","All indexed GeneCards fields","6.1 Build 2026-07-07","Main_ge3_protein_coding","Raw Relevance Score >=3; Gene Type = Protein Coding","TRUE","Query-dependent text relevance; not probability, confidence, or causal evidence","Pending_global_ID_normalization","","https://www.genecards.org/search/results?q=%22acute+ischemic+stroke%22"
"90","ABCB1","ATP Binding Cassette Subfamily B Member 1","Protein Coding","3.120679","100","Homo sapiens","9606","GeneCards","Acute ischemic stroke","D000083242","""acute ischemic stroke""","Exact phrase","All indexed GeneCards fields","6.1 Build 2026-07-07","Main_ge3_protein_coding","Raw Relevance Score >=3; Gene Type = Protein Coding","TRUE","Query-dependent text relevance; not probability, confidence, or causal evidence","Pending_global_ID_normalization","","https://www.genecards.org/search/results?q=%22acute+ischemic+stroke%22"
"91","ABCC8","ATP Binding Cassette Subfamily C Member 8","Protein Coding","3.0830133","99","Homo sapiens","9606","GeneCards","Acute ischemic stroke","D000083242","""acute ischemic stroke""","Exact phrase","All indexed GeneCards fields","6.1 Build 2026-07-07","Main_ge3_protein_coding","Raw Relevance Score >=3; Gene Type = Protein Coding","TRUE","Query-dependent text relevance; not probability, confidence, or causal evidence","Pending_global_ID_normalization","","https://www.genecards.org/search/results?q=%22acute+ischemic+stroke%22"
"92","C3","Complement C3","Protein Coding","3.0656753","100","Homo sapiens","9606","GeneCards","Acute ischemic stroke","D000083242","""acute ischemic stroke""","Exact phrase","All indexed GeneCards fields","6.1 Build 2026-07-07","Main_ge3_protein_coding","Raw Relevance Score >=3; Gene Type = Protein Coding","TRUE","Query-dependent text relevance; not probability, confidence, or causal evidence","Pending_global_ID_normalization","","https://www.genecards.org/search/results?q=%22acute+ischemic+stroke%22"
"93","CXCR4","C-X-C Motif Chemokine Receptor 4","Protein Coding","3.0656753","100","Homo sapiens","9606","GeneCards","Acute ischemic stroke","D000083242","""acute ischemic stroke""","Exact phrase","All indexed GeneCards fields","6.1 Build 2026-07-07","Main_ge3_protein_coding","Raw Relevance Score >=3; Gene Type = Protein Coding","TRUE","Query-dependent text relevance; not probability, confidence, or causal evidence","Pending_global_ID_normalization","","https://www.genecards.org/search/results?q=%22acute+ischemic+stroke%22"
"95","TNNI3","Troponin I3, Cardiac Type","Protein Coding","3.0065806","92","Homo sapiens","9606","GeneCards","Acute ischemic stroke","D000083242","""acute ischemic stroke""","Exact phrase","All indexed GeneCards fields","6.1 Build 2026-07-07","Main_ge3_protein_coding","Raw Relevance Score >=3; Gene Type = Protein Coding","TRUE","Query-dependent text relevance; not probability, confidence, or causal evidence","Pending_global_ID_normalization","","https://www.genecards.org/search/results?q=%22acute+ischemic+stroke%22"
"96","MBP","Myelin Basic Protein","Protein Coding","3.0065806","86","Homo sapiens","9606","GeneCards","Acute ischemic stroke","D000083242","""acute ischemic stroke""","Exact phrase","All indexed GeneCards fields","6.1 Build 2026-07-07","Main_ge3_protein_coding","Raw Relevance Score >=3; Gene Type = Protein Coding","TRUE","Query-dependent text relevance; not probability, confidence, or causal evidence","Pending_global_ID_normalization","","https://www.genecards.org/search/results?q=%22acute+ischemic+stroke%22"
